[
    {
        "id": 1,
        "nombre": "Los nocheros",
        "destino_id": 1,
        "hora_inicio": "2023-07-04T09:00:00"
    },
    {
        "id": 2,
        "nombre": "Jorge Rojas",
        "destino_id": 2,
        "hora_inicio": "2023-07-05T09:00:00"
    },
    {
        "id": 3,
        "nombre": "Los Tekis",
        "destino_id": 3,
        "hora_inicio": "2023-07-04T09:00:00"
    },
    {
        "id": 4,
        "nombre": "Los Manseros",
        "destino_id": 1,
        "hora_inicio": "2023-07-06T09:00:00"
    },
    {
        "id": 5,
        "nombre": "Los nocheros",
        "destino_id": 2,
        "hora_inicio": "2023-07-08T09:00:00"
    }
]